[
    {
        "question": "What is the capital of France?",
        "options": [
            "Paris",
            "London",
            "Berlin",
            "Madrid"
        ],
        "answer": "Paris"
    },
    {
        "question": "Who wrote 'Hamlet'?",
        "options": [
            "Shakespeare",
            "Tolstoy",
            "Hemingway",
            "Orwell"
        ],
        "answer": "Shakespeare"
    },
    {
        "question": "What is the largest planet in our solar system?",
        "options": [
            "Earth",
            "Mars",
            "Jupiter",
            "Saturn"
        ],
        "answer": "Jupiter"
    }
]